Product line,Sales,Rating
Electronic accessories,54337.5315,6.924705882352941
Fashion accessories,54305.895,7.0292134831460675
Food and beverages,56144.844,7.113218390804598
Health and beauty,49193.739,7.003289473684211
Home and lifestyle,53861.913,6.8375
Sports and travel,55122.8265,6.916265060240963
